{
  "profiles": [
    "Empaths",
    "Pioneers",
    "Mechanists",
    "Collaborators",
    "Nesters"
  ],
  "coefficients": {
    "Empaths": {
      "TT1_Mobile": 5.883636136095,
      "TT2_1": 3.619714194112,
      "TT2_2": 2.136250855518,
      "TT2_3": 0.3443858669183,
      "TT2_4": 0.11701039496,
      "TT2_5": 0.1786044140136,
      "TT2_6": 0.2866634036964,
      "TT2_7": 2.312375987755,
      "TT2_8": 1.02156191774,
      "TT2_9": 1.629341256074,
      "TT2_10": -0.1682707664175,
      "TT2_11": -0.5151709269685,
      "TT2_12": 0.5392418855746,
      "TT2_13": 0.5550640632785,
      "TT2_14": 0.2349745210141,
      "TT2_15": 1.66024086008,
      "TT2_16": -0.5425025364762,
      "TT2_17": 3.318757094117,
      "TT2_18": 0.4768002076212,
      "TT2_19": 0.3118391890103,
      "TT2_20": -0.5678825315154,
      "TT2_21": 2.24900520422,
      "TT2_22": 1.397599098183,
      "TT3_1": 74.5324386613,
      "TT3_2": 72.80518562585,
      "TT3_3": 73.68324417492,
      "TT3_4": 73.58889814163,
      "TT3_5": 75.59223850172,
      "TT3_6": 74.55837582617,
      "TT3_7": 71.45326273823,
      "TT4_1": 10.28883974982,
      "TT4_2": 9.896399477034,
      "TT4_3": 10.77197989584,
      "TT4_4": 10.12554475185,
      "TT4_5": 9.889588318721,
      "TT4_6": 8.98340842413,
      "TT4_7": 9.365525257537,
      "TT4_8": 8.656299151316,
      "TT5_1": 2.698376691711,
      "TT5_2": 3.61560306923,
      "TT5_3": 3.556229652859,
      "TT5_4": 2.421837147521,
      "TT5_5": 2.813508989443,
      "TT5_6": 3.180578788722,
      "TT5_7": 2.874944075431,
      "TT5_8": 2.716772990693,
      "TT6_1": 1.63701374017,
      "TT6_2": 1.118890788846,
      "TT6_3": 2.35362558708,
      "TT6_4": 0.2757898139758,
      "TT6_5": 0.3182972241533,
      "TT6_6": 1.809538916816,
      "TT7_1": 51.27869017768,
      "TT7_2": 51.42172160035,
      "TT7_3": 51.03259504297,
      "TT7_4": 50.46809809954,
      "TT7_5": 51.26235274614,
      "TT7_6": 51.53330416338
    },
    "Pioneers": {
      "TT1_Mobile": 5.864193844615,
      "TT2_1": 3.369749636984,
      "TT2_2": 2.157207114543,
      "TT2_3": 0.06037244341065,
      "TT2_4": 0.05506705182578,
      "TT2_5": 0.01888785252941,
      "TT2_6": 0.03524345255225,
      "TT2_7": 1.854413907711,
      "TT2_8": 1.212334695491,
      "TT2_9": 1.303500670717,
      "TT2_10": -0.5272673160566,
      "TT2_11": -0.5812308396647,
      "TT2_12": 0.9760455971332,
      "TT2_13": 0.3792286997635,
      "TT2_14": 0.2388746261446,
      "TT2_15": 1.461710668211,
      "TT2_16": -0.6267420827705,
      "TT2_17": 3.683828310188,
      "TT2_18": 0.3780175098008,
      "TT2_19": 0.1338671627138,
      "TT2_20": -0.6978871958694,
      "TT2_21": 0.9955264037581,
      "TT2_22": 0.870729740109,
      "TT3_1": 74.3819587063,
      "TT3_2": 72.56418473958,
      "TT3_3": 74.750939215,
      "TT3_4": 73.13213538723,
      "TT3_5": 74.89574877501,
      "TT3_6": 75.54341731973,
      "TT3_7": 71.41262310601,
      "TT4_1": 11.22806749976,
      "TT4_2": 9.774857441325,
      "TT4_3": 9.468451254923,
      "TT4_4": 10.01278722123,
      "TT4_5": 10.08003786801,
      "TT4_6": 8.807205665126,
      "TT4_7": 9.106739842542,
      "TT4_8": 7.926022644116,
      "TT5_1": 3.643615838363,
      "TT5_2": 2.387546063852,
      "TT5_3": 3.011943285516,
      "TT5_4": 1.848082196243,
      "TT5_5": 1.991436152626,
      "TT5_6": 3.469378556313,
      "TT5_7": 3.591448836122,
      "TT5_8": 1.880816904059,
      "TT6_1": 2.510504313397,
      "TT6_2": 1.943992811583,
      "TT6_3": 1.886130629941,
      "TT6_4": 0.4411875200707,
      "TT6_5": 1.011415803606,
      "TT6_6": 1.358520710918,
      "TT7_1": 50.60988016799,
      "TT7_2": 51.55105910015,
      "TT7_3": 50.57594189322,
      "TT7_4": 50.21757210752,
      "TT7_5": 51.51595794243,
      "TT7_6": 50.36542875392
    },
    "Mechanists": {
      "TT1_Mobile": 5.924178213565,
      "TT2_1": 3.596333612185,
      "TT2_2": 2.060057537667,
      "TT2_3": 0.3852172241006,
      "TT2_4": 0.1099096380983,
      "TT2_5": -0.06139403328084,
      "TT2_6": 0.2222134630247,
      "TT2_7": 2.089875259531,
      "TT2_8": 0.3293779301349,
      "TT2_9": 1.78124566601,
      "TT2_10": -0.3429397803423,
      "TT2_11": -0.7946340851744,
      "TT2_12": 0.6182270581121,
      "TT2_13": 0.4316180010318,
      "TT2_14": 0.1697930702575,
      "TT2_15": 1.583740067212,
      "TT2_16": -0.7540816397701,
      "TT2_17": 2.956404703399,
      "TT2_18": 0.532757881736,
      "TT2_19": 0.3034620937195,
      "TT2_20": -0.7726397970127,
      "TT2_21": 1.303009390392,
      "TT2_22": -0.01248293643636,
      "TT3_1": 72.94098370543,
      "TT3_2": 72.34416145989,
      "TT3_3": 73.59274972609,
      "TT3_4": 74.07366228004,
      "TT3_5": 75.0822345799,
      "TT3_6": 75.20100215301,
      "TT3_7": 72.11300444291,
      "TT4_1": 9.224122475577,
      "TT4_2": 9.446043739754,
      "TT4_3": 11.17593945118,
      "TT4_4": 9.36552208784,
      "TT4_5": 11.07143912766,
      "TT4_6": 10.03809702357,
      "TT4_7": 9.137357139714,
      "TT4_8": 9.433010020843,
      "TT5_1": 3.535067912713,
      "TT5_2": 2.394148584821,
      "TT5_3": 2.329227303748,
      "TT5_4": 1.678874894366,
      "TT5_5": 2.129691930742,
      "TT5_6": 3.482551283254,
      "TT5_7": 1.88113834139,
      "TT5_8": 1.720745023899,
      "TT6_1": 1.56137713075,
      "TT6_2": 2.077643952256,
      "TT6_3": 1.938274071057,
      "TT6_4": 0.3703439205794,
      "TT6_5": 1.054301823216,
      "TT6_6": 2.419023407814,
      "TT7_1": 51.84912156416,
      "TT7_2": 51.73049118675,
      "TT7_3": 51.5976017023,
      "TT7_4": 49.74302818429,
      "TT7_5": 50.56886670478,
      "TT7_6": 51.14394631192
    },
    "Collaborators": {
      "TT1_Mobile": 5.68188689174,
      "TT2_1": 2.945761404378,
      "TT2_2": 1.980432273122,
      "TT2_3": 0.2365374065768,
      "TT2_4": 0.1197669463979,
      "TT2_5": 0.2976251578547,
      "TT2_6": 0.2028890926931,
      "TT2_7": 1.452839097792,
      "TT2_8": 0.9008394213049,
      "TT2_9": 1.274944454532,
      "TT2_10": -0.4308453611967,
      "TT2_11": -0.6857673099886,
      "TT2_12": 0.1725227826813,
      "TT2_13": 0.4220546400496,
      "TT2_14": 0.3334867580087,
      "TT2_15": 1.453079421615,
      "TT2_16": -0.5731436863219,
      "TT2_17": 2.691235349718,
      "TT2_18": 0.2832988325318,
      "TT2_19": 0.3790245293783,
      "TT2_20": -0.3418925113431,
      "TT2_21": 1.351876416537,
      "TT2_22": 1.44797279953,
      "TT3_1": 73.18834210143,
      "TT3_2": 72.86575025145,
      "TT3_3": 74.21332669981,
      "TT3_4": 74.02872018771,
      "TT3_5": 76.77341039184,
      "TT3_6": 75.97282423581,
      "TT3_7": 72.96042394515,
      "TT4_1": 8.133795967687,
      "TT4_2": 9.023466813929,
      "TT4_3": 8.994237179024,
      "TT4_4": 9.948586023134,
      "TT4_5": 9.795928163196,
      "TT4_6": 9.095001458951,
      "TT4_7": 8.561129408965,
      "TT4_8": 8.674203685109,
      "TT5_1": 2.741453157914,
      "TT5_2": 2.801913050329,
      "TT5_3": 2.983910026947,
      "TT5_4": 1.650461412855,
      "TT5_5": 2.538067737642,
      "TT5_6": 2.663019407276,
      "TT5_7": 2.026981859037,
      "TT5_8": 2.421974673961,
      "TT6_1": 1.895165442572,
      "TT6_2": 0.8433574227626,
      "TT6_3": 1.730093358227,
      "TT6_4": 0.9355916948664,
      "TT6_5": 1.074848509573,
      "TT6_6": 2.133483557145,
      "TT7_1": 49.75633049571,
      "TT7_2": 50.76043808107,
      "TT7_3": 51.02895190493,
      "TT7_4": 50.4290159598,
      "TT7_5": 52.00361713626,
      "TT7_6": 51.15455935298
    },
    "Nesters": {
      "TT1_Mobile": 6.500573923908,
      "TT2_1": 1.576669365662,
      "TT2_2": 0.6043775351998,
      "TT2_3": 0.2362822106863,
      "TT2_4": -0.03399011137344,
      "TT2_5": 0.06525687804698,
      "TT2_6": -0.006817253882451,
      "TT2_7": 0.8987221515473,
      "TT2_8": 0.7871515180864,
      "TT2_9": 0.3464751188618,
      "TT2_10": -0.2598828678848,
      "TT2_11": -0.647561157335,